"method","biotic","sel","bag_site","event","pearson_surv","pearson_surv_pval","pearson_surv_rank","pearson_surv_rank_pval","spearman_surv","spearman_surv_pval","spearman_surv_rank","spearman_surv_rank_pval","kendall_surv","kendall_surv_pval","kendall_surv_rank","kendall_surv_rank_pval","r2_surv","r2_surv_rank","pearson_len","pearson_len_pval","pearson_len_rank","pearson_len_rank_pval","spearman_len","spearman_len_pval","spearman_len_rank","spearman_len_rank_pval","kendall_len","kendall_len_pval","kendall_len_rank","kendall_len_rank_pval","r2_len","r2_len_rank","signif_surv","signif_len","p_adj_len","p_adj_surv"
"lea","b","sel","Lewisetta",1,-0.603540918587986,0.00179326368594562,-0.733768137261867,4.49351050978788e-05,-0.614726116866498,0.00139169603786621,-0.761904761904762,1.51942653894391e-05,-0.45501575519329,0.00266668179361409,-0.642857142857143,4.3117324606625e-05,0.36426164041003,0.53841567926075,-0.563594882554728,0.00413054620429504,-0.641451232512643,0.000729675325357028,-0.562185423117225,0.00424601608045038,-0.642857142857143,0.000704131353223875,-0.432264967433626,0.00432311122553148,-0.5,0.00146668999658245,0.317639191641877,0.411459683691989,TRUE,TRUE,0.0172924449021259,0.0266668179361409
"lea","b","sel","Lewisetta",2,-0.663013046625704,0.000414097957871362,-0.664707606696044,0.00039531924594603,-0.659385706553381,0.000456910955506147,-0.666666666666667,0.000374533573075061,-0.485350138872843,0.00135528938725823,-0.5,0.00146668999658245,0.439586299995897,0.441836202399583,-0.624029004206523,0.00111893711528778,-0.715822389905413,8.39061150822077e-05,-0.604217978116644,0.00176642024404845,-0.714285714285714,8.83242023615553e-05,-0.401930583754073,0.00797045699902741,-0.5,0.00146668999658245,0.389412198090984,0.512401693889897,TRUE,TRUE,0.0245244830739305,0.0154890215686655
"lea","b","sel","Lewisetta",3,-0.71538049333143,8.51563139171066e-05,-0.726843784311631,5.75031290685596e-05,-0.669893845303235,0.00034235725309771,-0.738095238095238,3.8370574593472e-05,-0.508100926632507,0.000795961424972523,-0.571428571428571,0.000277279369975525,0.51176925023912,0.528301886792453,-0.720585772243546,7.14168750648636e-05,-0.900530269274521,2.03887721522841e-09,-0.848532204050765,1.61790616640904e-07,-0.904761904761905,1.28972515412256e-09,-0.667356440950159,1.05535120458744e-05,-0.785714285714286,5.7622333162139e-07,0.519243855159828,0.810954765879641,TRUE,TRUE,0.000531180846753857,0.0127027610453692
"lea","b","sel","Lewisetta",4,-0.711910608646293,9.55540620119166e-05,-0.79606700186512,3.28714032039858e-06,-0.7014182615528,0.000134063481964798,-0.833333333333333,4.29847877602936e-07,-0.546018906231948,0.000312744268179226,-0.642857142857143,4.3117324606625e-05,0.506816714703136,0.633722671458521,-0.545398368312906,0.00584380174163238,-0.925984939104361,8.91110892140081e-11,-0.840651099988374,2.71938356024437e-07,-0.904761904761905,1.28972515412256e-09,-0.659772845030271,1.32795211688464e-05,-0.785714285714286,5.7622333162139e-07,0.297459380158381,0.857448107448107,TRUE,TRUE,0.000531180846753857,0.00833984715144604
"lea","b","sel","YorkRiver",1,0.0698854551893508,0.745568922652414,0.115909836639295,0.589645292814406,0.220670913746948,0.300111142907588,0.238095238095238,0.262559273750359,0.151671918397763,0.316704823946919,0.214285714285714,0.172766190477016,0.00488397684702273,0.013435090229748,-0.0343567131652167,0.873374012336963,-0.0184427778390829,0.931836474735652,-0.039405520311955,0.85494566727918,-0.0238095238095238,0.912067694382264,-0.0530851714392172,0.726009770673111,-0.0714285714285714,0.649500372025156,0.00118038373951698,0.000340136054421776,FALSE,FALSE,0.774410422051318,0.527841373244865
"lea","b","sel","YorkRiver",2,0.0302103110271958,0.888556906125011,0.188501975914996,0.37771452383379,0.133978769060647,0.532532705463244,0.238095238095238,0.262559273750359,0.091003151038658,0.548005572361309,0.214285714285714,0.172766190477016,0.000912662892359912,0.0355329949238578,-0.0633782455427786,0.768597855945531,-0.0519174131651165,0.809611885336016,-0.0735569712489827,0.73266679163685,0.0476190476190476,0.825126628569084,-0.0682523632789935,0.652304137211763,0,1,0.00401680200808073,0.00269541778975744,FALSE,FALSE,0.714853848999192,0.635368779549344
"lea","b","sel","YorkRiver",3,-0.344118028867151,0.099647582848375,-0.272639270636399,0.19742073530062,-0.210162774997093,0.32428694204789,-0.333333333333333,0.111445944451059,-0.227507877596645,0.13312848419606,-0.357142857142857,0.023069485688115,0.118417217791414,0.0743321718931474,-0.641138996450819,0.000735455505478277,-0.715678085420547,8.43125956773507e-05,-0.567439492492152,0.00382894482817606,-0.714285714285714,8.83242023615553e-05,-0.409514179673961,0.00686379498544903,-0.571428571428571,0.000277279369975525,0.411059212769963,0.512195121951219,FALSE,TRUE,0.0219641439534369,0.366382000276388
"lea","b","sel","YorkRiver",4,-0.278140235476649,0.210077494125815,-0.037313119288127,0.869058141816746,-0.166671223734873,0.458491022758782,-0.0349570200573066,0.877263799766453,-0.176651524373782,0.266841853201803,-0.109004739336493,0.508729326763901,0.0773619905910055,0.00139226887101,-0.496367579234279,0.0187888430839606,-0.673426074287005,0.000591863918243978,-0.602405549266999,0.00300859933127673,-0.712320916905444,0.000199855849028244,-0.457482152865436,0.00403311275357527,-0.592417061611374,0.000328906723410942,0.246380773714898,0.453502677529606,FALSE,TRUE,0.0172924449021259,0.521091476752552
"gf_af","b","sel","Lewisetta",1,0.510751307310351,0.0107600967871919,0.302139821225475,0.151301464621888,0.325752301245495,0.120331976178313,0.357142857142857,0.0866644014883433,0.219924281676757,0.146552800110555,0.285714285714286,0.0690907974580714,0.260866897919233,0.0912884715701616,0.604210964021527,0.00176669656447532,0.39974497098614,0.0529451261844823,0.341514509370277,0.102406995367132,0.452380952380952,0.0264495222027079,0.227507877596645,0.13312848419606,0.285714285714286,0.0690907974580714,0.365070889043823,0.15979604182871,FALSE,FALSE,0.217352627258873,0.366382000276388
"gf_af","b","sel","Lewisetta",2,0.524572302541564,0.0084977907699574,0.284874688584019,0.177257348421506,0.304736023745786,0.147645007307152,0.333333333333333,0.111445944451059,0.235091473516533,0.120676307860416,0.285714285714286,0.0690907974580714,0.275176100593758,0.0811535881958417,0.697292693853465,0.000152567780803197,0.678636811209028,0.000266940224430913,0.562185423117225,0.00424601608045042,0.714285714285714,8.83242023615553e-05,0.394346987834185,0.00923429438564237,0.571428571428571,0.000277279369975525,0.486217100901422,0.460547921527958,FALSE,TRUE,0.0273608722537552,0.366382000276388
"gf_af","b","sel","Lewisetta",3,0.618869240484343,0.00126390961971533,0.39803350093256,0.0540644831432278,0.299481954370858,0.155110733058738,0.285714285714286,0.175928159198558,0.242675069436421,0.109154778516566,0.214285714285714,0.172766190477016,0.382999136817668,0.15843066786463,0.574705351408278,0.00330951697932314,0.383394075037667,0.0644049061240338,0.344141544057741,0.0996229135062938,0.30952380952381,0.141067424870559,0.280593049035862,0.0639803382127558,0.285714285714286,0.0690907974580714,0.330286240937312,0.146991016773988,FALSE,FALSE,0.124839684317572,0.363849261721885
"gf_af","b","sel","Lewisetta",4,0.637251481033514,0.000810795439031139,0.432645109709304,0.0347215260788073,0.341514509370277,0.102406995367132,0.333333333333333,0.111445944451059,0.280593049035862,0.0639803382127558,0.285714285714286,0.0690907974580714,0.406089450079408,0.187181790955376,0.670785123272749,0.000333905339254792,0.314485451016575,0.134474753396633,0.433460723431505,0.0343433004796119,0.30952380952381,0.141067424870559,0.348845412314856,0.0212855731197488,0.285714285714286,0.0690907974580714,0.449952681604037,0.0989010989010989,FALSE,TRUE,0.0516013893812093,0.323850918777555
"gf_af","b","sel","YorkRiver",1,0.236086785962623,0.266726272401395,0.0980775540794032,0.648438811150925,0.254822364683976,0.229483786644935,0.214285714285714,0.314664624961072,0.197173493917092,0.193043565108068,0.214285714285714,0.172766190477016,0.0557369705061612,0.00961920661419826,0.012428526417364,0.954036404679474,0.424183890298908,0.0388434700237419,0.0998273181236194,0.642571182374299,0.428571428571429,0.0366603870475461,0.0379179795994408,0.802345236467723,0.214285714285714,0.172766190477016,0.000154468268907117,0.179931972789116,FALSE,FALSE,0.844573933123919,0.428985700240151
"gf_af","b","sel","YorkRiver",2,0.221963189993791,0.297217372309925,0.242359683319281,0.253851030621848,0.254822364683976,0.229483786644935,0.285714285714286,0.175928159198558,0.182006302077316,0.22955621387892,0.357142857142857,0.023069485688115,0.0492676577122196,0.0587382160986221,0.146509214528715,0.494524485348291,0.15575223949535,0.467380830088644,0.278465676871149,0.187633101907925,0.285714285714286,0.175928159198558,0.159255514317652,0.29311395567331,0.142857142857143,0.363396165100604,0.021464949941821,0.0242587601078167,FALSE,FALSE,0.378211555707497,0.483276239745094
"gf_af","b","sel","YorkRiver",3,0.502337128329735,0.0123659674073818,-0.272639270636399,0.19742073530062,0.296854919683395,0.158941848389552,-0.285714285714286,0.175928159198558,0.242675069436421,0.109154778516566,-0.214285714285714,0.172766190477016,0.252342590498565,0.0743321718931475,0.442329304721777,0.0304381893838903,-0.494158678028473,0.0141108928455965,0.233806087184266,0.271509109638674,-0.547619047619048,0.00560724574649464,0.16683911023754,0.270732357488891,-0.428571428571429,0.00639637370457417,0.195655213815651,0.244192799070848,FALSE,FALSE,0.373423941363987,0.363849261721885
"gf_af","b","sel","YorkRiver",4,0.412373615357362,0.0564989558198003,-0.0447700160248728,0.843177217173715,0.19966416222164,0.37300415378999,0.0303724928366762,0.893264675417717,0.176651524373782,0.266841853201803,0.0616113744075829,0.708772199410945,0.170051998642902,0.00200435433486738,0.432864091642875,0.0441975839401588,-0.326551177457149,0.13800301225122,0.34983891671313,0.110485234303709,-0.375358166189112,0.0851763936875056,0.258182997161682,0.104623423288806,-0.308056872037915,0.0618279103168536,0.187371321833812,0.106635671498651,FALSE,FALSE,0.181953779632707,0.521091476752552
"gf_geno","b","sel","Lewisetta",1,-0.274728265535647,0.193872358470882,-0.181283892735285,0.396575770965661,-0.144486907810502,0.500565893021111,-0.238095238095238,0.262559273750359,-0.121337534718211,0.423130558109633,-0.214285714285714,0.172766190477016,0.0754756198842247,0.0328638497652582,-0.318150530405854,0.129749159288998,-0.102260341415059,0.634446737656926,-0.031524416249564,0.883740672404498,-0.0714285714285714,0.740137923852107,-0.0682523632789935,0.652304137211763,-0.0714285714285714,0.649500372025156,0.101219759997526,0.0104571774263245,FALSE,FALSE,0.714853848999192,0.545974913689849
"gf_geno","b","sel","Lewisetta",2,-0.249567447956119,0.23956214195146,-0.0258976989621835,0.904388780090324,-0.070929936561519,0.74189156648298,-0.0238095238095238,0.912067694382264,-0.106170342878434,0.483380001354093,-0.0714285714285714,0.649500372025156,0.0622839110793303,0.000670690811535886,-0.406669528613784,0.0485988708255986,-0.213817077504214,0.315749466956514,-0.278465676871149,0.187633101907925,-0.238095238095238,0.262559273750359,-0.204757089836981,0.176474290774069,-0.214285714285714,0.172766190477016,0.165380105502957,0.0457177426324432,FALSE,FALSE,0.261443393739361,0.585915153156476
"gf_geno","b","sel","Lewisetta",3,-0.321174879745554,0.125940904687537,-0.121140630718605,0.572844305885438,-0.120843595623329,0.57379267840785,-0.142857142857143,0.505460959550244,-0.128921130638099,0.394733526234106,-0.142857142857143,0.363396165100604,0.103153303379571,0.0146750524109015,-0.49265395717071,0.0144529168609403,-0.472555487837125,0.0197095702833269,-0.417698515306723,0.0422569231792971,-0.428571428571429,0.0366603870475461,-0.333678220475079,0.0276120096503322,-0.357142857142857,0.023069485688115,0.24270792151596,0.223308689084983,FALSE,TRUE,0.0613600214451827,0.545974913689849
"gf_geno","b","sel","Lewisetta",4,-0.342676802590092,0.10116820833445,-0.190363848272094,0.372934208132855,-0.165503185310211,0.439601496767015,-0.238095238095238,0.262559273750359,-0.136504726557987,0.367520738242143,-0.214285714285714,0.172766190477016,0.117427391033369,0.0362383947289608,-0.419408892462056,0.041334633502446,-0.628970902033151,0.000993705643137495,-0.559558388429761,0.00446849817594389,-0.619047619047619,0.00125864167339791,-0.447432159273402,0.00313994745503096,-0.5,0.00146668999658245,0.175903819076248,0.395604395604396,FALSE,TRUE,0.0147762233177928,0.545974913689849
"gf_geno","b","sel","YorkRiver",1,0.113222225606841,0.598358983792426,0.633046030876148,0.00089969124376709,0.115589526248401,0.590680933005546,0.595238095238095,0.00215182488796981,0.0606687673591053,0.68878759166932,0.5,0.00146668999658245,0.0128192723713664,0.400747277208045,-0.260693750951393,0.218559619426763,0.0922138891954147,0.668248704280495,-0.499136590618097,0.0130263662030555,0.0952380952380952,0.658003819481188,-0.326094624555191,0.0313428494257729,0.0714285714285714,0.649500372025156,0.0679612317851065,0.0085034013605442,FALSE,TRUE,0.0677683230827522,0.744635234237103
"gf_geno","b","sel","YorkRiver",2,0.06553793454491,0.760932616468671,0.475743082071181,0.0187854248234793,-0.015762208124782,0.94172592099817,0.476190476190476,0.0186585829560597,-0.0151671918397763,0.920244901471896,0.357142857142857,0.023069485688115,0.00429522086441289,0.226331480138587,-0.215269717919135,0.312394190797338,0.190363848272094,0.372934208132855,-0.491255486555706,0.0147768507139875,0.238095238095238,0.262559273750359,-0.310927432715415,0.0401145602618144,0.285714285714286,0.0690907974580714,0.0463410514529841,0.0362383947289607,FALSE,TRUE,0.0844517058143461,0.920244901471896
"gf_geno","b","sel","YorkRiver",3,-0.292547785765728,0.165366329680681,0.187439498562524,0.380458066381947,-0.409817411244332,0.0467175810124694,0.30952380952381,0.141067424870559,-0.273009453115974,0.0715054164448744,0.214285714285714,0.172766190477016,0.08558420695643,0.0351335656213706,-0.690145679710811,0.000189936974141436,0.340799088295498,0.103175057212506,-0.764467094051928,1.36665350407666e-05,0.380952380952381,0.0662678785931186,-0.546018906231948,0.000312744268179226,0.285714285714286,0.0690907974580714,0.476301059223498,0.116144018583043,FALSE,TRUE,0.00500390829086762,0.323850918777555
"gf_geno","b","sel","YorkRiver",4,-0.29657954408882,0.180157707530403,-0.0451280843615801,0.84193816549797,-0.422650918890822,0.0500375151225423,0.0108882521489971,0.961644084113725,-0.285360154757648,0.0728664567249499,-0.0900473933649289,0.585139656490813,0.087959425971932,0.00203654399814589,-0.553538776010408,0.00752859753285764,0.39730090349991,0.0671101630994672,-0.64336230049195,0.00123721912993098,0.354727793696275,0.105257375564986,-0.493718362993391,0.0019135787863865,0.109004739336493,0.508729326763901,0.3064051765471,0.157848007921845,FALSE,TRUE,0.0142223028992752,0.323850918777555
"rda","b","sel","Lewisetta",1,-0.653933041152534,0.000528467625508844,-0.854624065752056,1.0611875287698e-07,-0.696164192177872,0.000158002469414084,-0.857142857142857,8.86416327727119e-08,-0.546018906231948,0.000312744268179226,-0.642857142857143,4.3117324606625e-05,0.427628422311002,0.730382293762576,-0.645478131935323,0.000658564551959271,-0.790193547298183,4.36160536809795e-06,-0.693537157490408,0.000171313099148393,-0.785714285714286,5.37981053622665e-06,-0.523268118472284,0.000551681116722528,-0.642857142857143,4.3117324606625e-05,0.416642018806715,0.624405842191686,TRUE,TRUE,0.00630492704825746,0.00833984715144604
"rda","b","sel","Lewisetta",2,-0.69166005671081,0.000181413575223749,-0.802828667827689,2.34665514178124e-06,-0.756585989989537,1.88553317628344e-05,-0.785714285714286,5.37981053622665e-06,-0.546018906231948,0.000312744268179226,-0.5,0.00146668999658245,0.478393634049201,0.644533869885983,-0.713104496868344,9.1857573566394e-05,-0.827379125994568,6.14088550995663e-07,-0.746077851239682,2.84421500987164e-05,-0.833333333333333,4.29847877602936e-07,-0.583936885831389,0.000115814078109336,-0.642857142857143,4.3117324606625e-05,0.508518023453854,0.684556218131536,TRUE,TRUE,0.00231628156218672,0.00833984715144604
"rda","b","sel","Lewisetta",3,-0.720297727319062,7.21228709586188e-05,-0.778761197476748,7.38018477762657e-06,-0.709299365615191,0.000104096061212067,-0.80952380952381,1.65935011620969e-06,-0.508100926632507,0.000795961424972523,-0.571428571428571,0.000277279369975525,0.518828815981006,0.606469002695418,-0.672005884228645,0.000322623253434559,-0.847033421594846,1.78978909178048e-07,-0.801245579676419,2.54221418105969e-06,-0.80952380952381,1.65935011620969e-06,-0.62185486543083,4.04079480318299e-05,-0.642857142857143,4.3117324606625e-05,0.451591908437922,0.717465617298672,TRUE,TRUE,0.0010775452808488,0.0127027610453692
"rda","b","sel","Lewisetta",4,-0.691447057167058,0.000182591865475726,-0.79606700186512,3.28714032039858e-06,-0.693537157490408,0.000171313099148393,-0.833333333333333,4.29847877602936e-07,-0.500517330712619,0.000952707078402692,-0.642857142857143,4.3117324606625e-05,0.478099032864986,0.63372267145852,-0.523576907846388,0.00864627050551806,-0.803685041486804,2.24654524945328e-06,-0.727688608427436,5.58205433497043e-05,-0.80952380952381,1.65935011620969e-06,-0.523268118472284,0.000551681116722528,-0.642857142857143,4.3117324606625e-05,0.274132778429985,0.645909645909646,TRUE,TRUE,0.00630492704825746,0.0127027610453692
"rda","b","sel","YorkRiver",1,0.227972612534662,0.283989374918489,0.347729509917884,0.0959116476930805,0.296854919683395,0.158941848389552,0.404761904761905,0.0497673800506128,0.16683911023754,0.270732357488891,0.214285714285714,0.172766190477016,0.0519715120658791,0.120915812067732,-0.142028669679738,0.507958265300908,-0.147542222712663,0.491452547808243,-0.12872469968572,0.548867843936894,-0.142857142857143,0.505460959550244,-0.159255514317652,0.29311395567331,-0.214285714285714,0.172766190477016,0.0201721430109962,0.0217687074829932,FALSE,FALSE,0.378211555707497,0.521091476752552
"rda","b","sel","YorkRiver",2,0.131364651164841,0.540631437962508,0.314169959858327,0.134887238061662,0.202281670934702,0.343169590255817,0.357142857142857,0.0866644014883433,0.091003151038658,0.548005572361309,0.214285714285714,0.172766190477016,0.0172566715756602,0.0987027636773829,-0.133810126504337,0.533053443877664,-0.173058043883722,0.418700584335924,-0.191773532184848,0.369338172596559,-0.0714285714285714,0.740137923852107,-0.174422706157428,0.249551183213353,-0.142857142857143,0.363396165100604,0.0179051499551066,0.0299490865528602,FALSE,FALSE,0.350247274685408,0.635368779549344
"rda","b","sel","YorkRiver",3,-0.257194912814042,0.225026826720626,-0.477118723613698,0.0183976332836572,-0.317871197183104,0.130105040469395,-0.476190476190476,0.0186585829560597,-0.212340685756869,0.160988931812515,-0.357142857142857,0.023069485688115,0.0661492231774228,0.227642276422764,-0.60772354407498,0.00163285197649375,-0.766797948664871,1.23964693426274e-05,-0.638369429053671,0.000788478034683301,-0.785714285714286,5.37981053622665e-06,-0.45501575519329,0.00266668179361409,-0.571428571428571,0.000277279369975525,0.369327906023055,0.587979094076655,FALSE,TRUE,0.0142223028992752,0.378797486617682
"rda","b","sel","YorkRiver",4,-0.349637083792868,0.110705051320434,-0.346964494128412,0.113645881686054,-0.377143417529764,0.083583824586654,-0.306590257879656,0.165202572243083,-0.258182997161682,0.104623423288806,-0.194312796208531,0.238804934377083,0.122246090363181,0.120384360185785,-0.174917758082407,0.436228524435106,-0.489138442616974,0.0208736930958465,-0.36235347958742,0.0974678115617707,-0.50945558739255,0.0154427688276168,-0.26724204969367,0.0929996081275877,-0.336492890995261,0.0413587880528225,0.0305962220925756,0.239256416045759,FALSE,FALSE,0.165332636671267,0.363849261721885
"env_dist","b","sel","Lewisetta",1,-0.456663044579178,0.0248832035156065,-0.492056280281487,0.0145906400649039,-0.39405520311955,0.0567373283451192,-0.5,0.0128454209680058,-0.28817664495575,0.0571215639940019,-0.357142857142857,0.023069485688115,0.208541136284324,0.242119382964453,-0.581738326036569,0.00286478890027668,-0.455523339030717,0.0252926050542903,-0.359903752182523,0.0840836105282938,-0.452380952380952,0.0264495222027079,-0.265425857196086,0.079740865817891,-0.357142857142857,0.023069485688115,0.338419479979829,0.207501512401694,FALSE,FALSE,0.144983392396165,0.323850918777555
"env_dist","b","sel","Lewisetta",2,-0.492709422233525,0.0144401901882002,-0.405730617074209,0.0491712926019613,-0.396682237807014,0.0549611499041141,-0.380952380952381,0.0662678785931188,-0.242675069436421,0.109154778516566,-0.214285714285714,0.172766190477016,0.242762574757694,0.164617333631418,-0.399332851386275,0.0532130059124473,-0.455523339030717,0.0252926050542903,-0.275838642183685,0.192004097674142,-0.428571428571429,0.0366603870475461,-0.159255514317652,0.29311395567331,-0.214285714285714,0.172766190477016,0.159466726196293,0.207501512401694,FALSE,FALSE,0.378211555707497,0.363849261721885
"env_dist","b","sel","Lewisetta",3,-0.429544991602874,0.0361894088431106,-0.467256718486048,0.0213271675218752,-0.396682237807014,0.0549611499041141,-0.476190476190476,0.0186585829560597,-0.235091473516533,0.120676307860416,-0.285714285714286,0.0690907974580714,0.184508899811113,0.21832884097035,-0.568726697082344,0.00373221398461437,-0.597381465756365,0.00205387763685368,-0.614726116866498,0.00139169603786621,-0.666666666666667,0.000374533573075061,-0.424681371513737,0.00505502013696439,-0.5,0.00146668999658245,0.323450055974192,0.356864615629223,FALSE,TRUE,0.0192572195693881,0.366382000276388
"env_dist","b","sel","Lewisetta",4,-0.423163502495029,0.039365593913998,-0.553785740427909,0.00499202515441273,-0.44396886218136,0.0297567141842027,-0.595238095238095,0.0021518248879698,-0.273009453115974,0.0715054164448744,-0.357142857142857,0.023069485688115,0.179067349843861,0.306678646301288,-0.410745460178663,0.0461739606872677,-0.681385143869247,0.000246436494848566,-0.575320596554543,0.00326841470806681,-0.642857142857143,0.000704131353223875,-0.386763391914297,0.0106740181183137,-0.5,0.00146668999658245,0.168711833057381,0.464285714285715,FALSE,TRUE,0.0284640483155033,0.323850918777555
"env_dist","b","sel","YorkRiver",1,0.0142661831666955,0.947248943863871,0.133742119199186,0.533263506155444,0.228552017809339,0.282733898016142,0.261904761904762,0.21635043005895,0.219924281676757,0.146552800110555,0.285714285714286,0.0690907974580714,0.000203523982145712,0.0178869544478893,0.0597904063417615,0.781378244399196,0.165985000551746,0.438252150029902,0.102454352811083,0.63380063135401,0.19047619047619,0.372646891549697,0.091003151038658,0.548005572361309,0.142857142857143,0.363396165100604,0.003574892690513,0.0275510204081632,FALSE,FALSE,0.635368779549344,0.366382000276388
"env_dist","b","sel","YorkRiver",2,0.00184449436295347,0.99317519354418,0.170549406780235,0.425579756553818,0.131351734373183,0.540671596799539,0.238095238095238,0.262559273750359,0.159255514317652,0.29311395567331,0.285714285714286,0.0690907974580714,3.40215945496699e-06,0.0290871001530899,-0.0557129072521409,0.795969648968515,-0.0865290219418608,0.68766206339763,-0.0210162774997094,0.922351223730367,0.0476190476190476,0.825126628569084,0.0151671918397763,0.920244901471896,0.0714285714285714,0.649500372025156,0.00310392803448565,0.00748727163821507,FALSE,FALSE,0.931893571110781,0.521091476752552
"env_dist","b","sel","YorkRiver",3,-0.423028497638915,0.0394350875167504,-0.306719179465949,0.144894575145892,-0.204908705622166,0.336804180817266,-0.333333333333333,0.111445944451059,-0.159255514317652,0.29311395567331,-0.285714285714286,0.0690907974580714,0.178953109814638,0.0940766550522648,-0.567308817002886,0.003838882017318,-0.630478313346672,0.00095799026942359,-0.467612174368533,0.0212153984366233,-0.642857142857143,0.000704131353223875,-0.386763391914297,0.0106740181183137,-0.642857142857143,4.3117324606625e-05,0.321839293849215,0.397502903600464,FALSE,TRUE,0.0284640483155033,0.521091476752552
"env_dist","b","sel","YorkRiver",4,-0.377712951895996,0.0830804693855384,-0.0836492404675255,0.711310091917501,-0.189424974415402,0.398500376264968,-0.0212034383954155,0.925381003292485,-0.131356261713838,0.408999321706926,-0.023696682464455,0.885772126271187,0.142667074029987,0.00699719543079393,-0.481554809112716,0.0232564844608343,-0.525373850078661,0.0120420104448486,-0.470433795319932,0.0271393398246802,-0.530085959885387,0.011162118886645,-0.303478259821626,0.05644942712165,-0.393364928909953,0.0170935456486082,0.231895034179585,0.276017682346475,FALSE,FALSE,0.1128988542433,0.545974913689849
"lea","nb","sel","Lewisetta",1,-0.292999314669994,0.164684441644674,-0.19854902537674,0.352335873560215,-0.168130219997675,0.432271320487212,-0.261904761904762,0.21635043005895,-0.121337534718211,0.423130558109633,-0.214285714285714,0.172766190477016,0.085848598397086,0.0394217154780536,-0.201835644087571,0.34425738058413,-0.0650747627186739,0.762574710700541,-0.047286624374346,0.826329222288496,-0.0476190476190476,0.825126628569084,-0.0682523632789935,0.652304137211763,-0.0714285714285714,0.649500372025156,0.0407376272242446,0.00423472474289173,FALSE,FALSE,0.714853848999192,0.545974913689849
"lea","nb","sel","Lewisetta",2,-0.304077557603623,0.148566380076387,-0.0949582295280063,0.658949431106921,-0.152368011872893,0.47722897505791,-0.119047619047619,0.579541544388292,-0.106170342878434,0.483380001354093,-0.0714285714285714,0.649500372025156,0.0924631610381848,0.00901706535509355,-0.421446484089722,0.040256660467417,-0.213817077504214,0.315749466956514,-0.320498231870568,0.126785822902784,-0.238095238095238,0.262559273750359,-0.235091473516533,0.120676307860416,-0.214285714285714,0.172766190477016,0.177617138951588,0.0457177426324432,FALSE,FALSE,0.20112717976736,0.585915153156476
"lea","nb","sel","Lewisetta",3,-0.441752918203865,0.0306806999550897,-0.173058043883722,0.418700584335924,-0.210162774997093,0.32428694204789,-0.214285714285714,0.314664624961072,-0.128921130638099,0.394733526234106,-0.142857142857143,0.363396165100604,0.195145640741631,0.0299490865528602,-0.523448719559075,0.0086655475166673,-0.579549183196474,0.0029974319567547,-0.478120313118388,0.0181194023992091,-0.523809523809524,0.00861138053392302,-0.333678220475079,0.0276120096503322,-0.357142857142857,0.023069485688115,0.273998562008035,0.3358772557437,FALSE,TRUE,0.0613600214451827,0.545974913689849
"lea","nb","sel","Lewisetta",4,-0.472659931147846,0.0196787165976383,-0.24228126143721,0.254009464168005,-0.254822364683976,0.229483786644935,-0.30952380952381,0.141067424870559,-0.136504726557987,0.367520738242143,-0.214285714285714,0.172766190477016,0.223407410512687,0.0587002096436059,-0.43070368543086,0.0356351309766536,-0.698856557814612,0.000145306577947576,-0.638369429053671,0.000788478034683301,-0.69047619047619,0.000188047550164873,-0.462599351113178,0.00225947858886886,-0.5,0.00146668999658245,0.185505664643725,0.488400488400489,FALSE,TRUE,0.0142223028992752,0.545974913689849
"lea","nb","sel","YorkRiver",1,-0.14053497632548,0.51247593445768,-0.00891614127994575,0.967017786476017,0.10770842218601,0.61640325682933,0.119047619047619,0.579541544388292,0.0834195551187698,0.581847029291278,0.142857142857143,0.363396165100604,0.0197500795708034,7.94975753239532e-05,0.00926722051735941,0.965719818320603,0.0368855556781659,0.864135046921228,-0.0131351734373183,0.951425982837668,0.0476190476190476,0.825126628569084,-0.0151671918397763,0.920244901471896,0,1,8.58813761173698e-05,0.00136054421768707,FALSE,FALSE,0.931893571110781,0.664968033475747
"lea","nb","sel","YorkRiver",2,-0.174823487266452,0.413896120139052,0.0628339919716654,0.770532893169578,0.0183892428122457,0.932033890940699,0.119047619047619,0.579541544388292,0.0227507877596645,0.880616409651966,0.142857142857143,0.363396165100604,0.0305632517000035,0.00394811054709531,-0.0867378270732644,0.686945522754767,-0.138446435106977,0.518825199769846,-0.118216560935865,0.582210210342314,-0.0238095238095238,0.912067694382264,-0.121337534718211,0.423130558109633,-0.0714285714285714,0.649500372025156,0.00752345064539154,0.0191674153938305,FALSE,FALSE,0.512885524981374,0.891763452812118
"lea","nb","sel","YorkRiver",3,-0.483163253012943,0.0167700525855102,-0.374878997125048,0.0710806887203143,-0.307363058433249,0.144009480991668,-0.428571428571429,0.0366603870475461,-0.295760240875639,0.0508857412163913,-0.428571428571429,0.00639637370457417,0.233446729062049,0.140534262485482,-0.5192855266503,0.00931128986314722,-0.732718039835322,4.66697728524151e-05,-0.564812457804689,0.00403293756414963,-0.738095238095238,3.8370574593472e-05,-0.432264967433626,0.00432311122553148,-0.642857142857143,4.3117324606625e-05,0.269657458188479,0.536875725900116,FALSE,TRUE,0.0172924449021259,0.3131430228701
"lea","nb","sel","YorkRiver",4,-0.389688621937414,0.0730127945732662,-0.13007506668926,0.563971029766108,-0.251997788786856,0.257904351842884,-0.11404011461318,0.613329585772909,-0.231005839565715,0.146497287558392,-0.165876777251185,0.314611910677601,0.151857222067481,0.0169195229742155,-0.479066695623773,0.0240840042721302,-0.656134749515798,0.000913279262919529,-0.588753298858681,0.00394342519840812,-0.69512893982808,0.000329574294746972,-0.439364047801458,0.00575054088111214,-0.535545023696682,0.00116782007675622,0.229504898855881,0.430512809522158,FALSE,TRUE,0.0205119532455032,0.366382000276388
"gf_af","nb","sel","Lewisetta",1,0.571094015725918,0.00355969533475764,0.578381943488765,0.00307025800485789,0.541169145617516,0.00631745546067994,0.619047619047619,0.00125864167339792,0.356429008234744,0.0186254879818372,0.428571428571429,0.00639637370457417,0.326148374797954,0.334525672553841,0.673231759399166,0.000311628516887503,0.660044021860835,0.000448867918186259,0.577947631242007,0.00309773521394831,0.714285714285714,8.83242023615553e-05,0.45501575519329,0.00266668179361409,0.571428571428571,0.000277279369975525,0.453241001863696,0.435658110794227,TRUE,TRUE,0.0142223028992752,0.135458094413362
"gf_af","nb","sel","Lewisetta",2,0.60969026433807,0.00156176779446707,0.56111681084731,0.00433536343478149,0.556931353742298,0.00470070915241099,0.595238095238095,0.00215182488796981,0.37159620007452,0.0141643459688252,0.428571428571429,0.00639637370457417,0.371722218428626,0.314852075415456,0.677322906816923,0.000277255861164609,0.864564704690953,5.11059507232575e-08,0.646250533116063,0.00064563146199141,0.880952380952381,1.33918659146868e-08,0.500517330712619,0.000952707078402692,0.714285714285714,5.50491008247043e-06,0.458766320098925,0.747472128597356,TRUE,TRUE,0.00846850736357948,0.113314767750601
"gf_af","nb","sel","Lewisetta",3,0.61232296707645,0.00147076513847407,0.674926371146515,0.000296966388425974,0.543796180304979,0.00601961394223711,0.571428571428572,0.00353586676976892,0.333678220475079,0.0276120096503322,0.357142857142857,0.023069485688115,0.374939416009307,0.455525606469003,0.616895268373911,0.00132347901655639,0.615213748316257,0.00137610403588765,0.598963908741716,0.00198402379137342,0.595238095238095,0.00215182488796981,0.417097775593849,0.00589718655808217,0.428571428571429,0.00639637370457417,0.38055977214212,0.378487956117338,TRUE,TRUE,0.0205119532455032,0.184080064335548
"gf_af","nb","sel","Lewisetta",4,0.622940492780902,0.00114827076576053,0.726843784311631,5.75031290685596e-05,0.591082804679326,0.00235307248417937,0.642857142857143,0.000704131353223867,0.37159620007452,0.0141643459688252,0.428571428571429,0.00639637370457417,0.388054857546113,0.528301886792453,0.603816518527378,0.00178229524129691,0.541613832306324,0.00626619017456338,0.609472047491571,0.00156952210117433,0.523809523809524,0.008611380533923,0.45501575519329,0.00266668179361409,0.428571428571429,0.00639637370457417,0.364594388046523,0.293345543345543,TRUE,TRUE,0.0142223028992752,0.113314767750601
"gf_af","nb","sel","YorkRiver",1,0.490108617348501,0.0150469197593055,0.115909836639295,0.589645292814406,0.39405520311955,0.0567373283451192,0.238095238095238,0.262559273750359,0.197173493917092,0.193043565108068,0.214285714285714,0.172766190477016,0.24020645679926,0.013435090229748,0.194248447569813,0.363073502053465,0.0553283335172488,0.797349364419853,0.223297948434412,0.294246748529564,0.0714285714285714,0.740137923852107,0.144088322477875,0.341508070282769,0.0714285714285714,0.649500372025156,0.0377324593832824,0.0030612244897959,FALSE,FALSE,0.426885087853461,0.428985700240151
"gf_af","nb","sel","YorkRiver",2,0.450899547605313,0.0270094615540097,0.152596837645473,0.476559779420312,0.391428168432087,0.0585575778553214,0.214285714285714,0.314664624961072,0.227507877596645,0.13312848419606,0.214285714285714,0.172766190477016,0.203310402030676,0.0232857948593989,0.308832467220776,0.142004036206251,-0.121140630718605,0.572844305885438,0.362530786869986,0.0816820430532922,0,1,0.265425857196086,0.079740865817891,0,1,0.0953774928096715,0.0146750524109015,FALSE,FALSE,0.144983392396165,0.366382000276388
"gf_af","nb","sel","YorkRiver",3,0.507735374073127,0.0113146176860494,-0.357839042710273,0.0860080972634315,0.344141544057741,0.0996229135062938,-0.404761904761905,0.049767380050613,0.242675069436421,0.109154778516566,-0.357142857142857,0.023069485688115,0.257795210085179,0.128048780487805,0.275304559238367,0.192901174804414,-0.749757994250097,2.46841593547803e-05,0.294227884995931,0.162839054922817,-0.761904761904762,1.51942653894391e-05,0.212340685756869,0.160988931812515,-0.714285714285714,5.50491008247043e-06,0.0757926003374313,0.562137049941928,FALSE,FALSE,0.252531657745121,0.363849261721885
"gf_af","nb","sel","YorkRiver",4,0.359965915695471,0.0998594697942967,-0.122528464910178,0.586980791019839,0.14846822319045,0.509639906671288,-0.0830945558739255,0.713145832256648,0.122297209181849,0.442063050666835,-0.109004739336493,0.508729326763901,0.129575460462479,0.0150132247132448,0.47080661214059,0.0270013219441461,-0.624785186389417,0.00187964785794422,0.571687985848285,0.00544245138161748,-0.643553008595988,0.00123174613922409,0.403127837673503,0.0112797874733258,-0.47867298578199,0.00370964962874025,0.2216588660353,0.390356529131658,FALSE,TRUE,0.0291091289634215,0.56134990560868
"gf_geno","nb","sel","Lewisetta",1,-0.128119224669125,0.550764952351025,-0.129488494810918,0.546478965107088,-0.0893191793737647,0.678109058985913,-0.166666666666667,0.436346900139435,-0.0530851714392172,0.726009770673111,-0.142857142857143,0.363396165100604,0.0164145357298178,0.0167672702883971,-0.112616457441659,0.600330463351513,-0.0464819733704814,0.829241738605782,0.031524416249564,0.883740672404498,0,1,0,1,0,1,0.0126824664867091,0.00216057384841415,FALSE,FALSE,1,0.764220811234854
"gf_geno","nb","sel","Lewisetta",2,-0.0884684035228856,0.681016950077489,0.0258976989621835,0.904388780090324,-0.00525406937492734,0.980561006526135,0.0476190476190476,0.825126628569084,-0.0379179795994408,0.802345236467723,0,1,0.0078266584218881,0.00067069081153588,-0.219822617089375,0.302020179121126,-0.102260341415059,0.634446737656926,-0.183892428122457,0.389699417309092,-0.119047619047619,0.579541544388292,-0.136504726557987,0.367520738242143,-0.142857142857143,0.363396165100604,0.048321982984022,0.0104571774263245,FALSE,FALSE,0.452333216298022,0.833605440485946
"gf_geno","nb","sel","Lewisetta",3,-0.143325805423951,0.504050915621396,-0.0346116087767443,0.87244201912328,-0.0446595896868824,0.835846060568692,-0.0714285714285714,0.740137923852107,-0.0606687673591053,0.68878759166932,-0.0714285714285714,0.649500372025156,0.0205422865004241,0.00119796346211441,-0.295576726036548,0.160829766847218,-0.347729509917884,0.0959116476930805,-0.309990093120713,0.140438214768357,-0.30952380952381,0.141067424870559,-0.265425857196086,0.079740865817891,-0.285714285714286,0.0690907974580714,0.0873656009744842,0.120915812067732,FALSE,FALSE,0.144983392396165,0.744635234237103
"gf_geno","nb","sel","Lewisetta",4,-0.15466700513449,0.470527410162413,-0.0865290219418608,0.68766206339763,-0.0683029018740554,0.751150957709325,-0.142857142857143,0.505460959550244,-0.0682523632789935,0.652304137211763,-0.142857142857143,0.363396165100604,0.0239218824772723,0.00748727163821503,-0.181620514797998,0.395684596988704,-0.506671004415594,0.0115158557993474,-0.417698515306723,0.0422569231792971,-0.5,0.0128454209680058,-0.379179795994408,0.0123100015412109,-0.428571428571429,0.00639637370457417,0.0329860113954899,0.256715506715507,FALSE,TRUE,0.0307750038530273,0.734990577140014
"gf_geno","nb","sel","YorkRiver",1,0.16802465140716,0.432564611015475,0.579549183196474,0.0029974319567547,0.291600850308467,0.166802778555693,0.571428571428572,0.00353586676976892,0.182006302077316,0.22955621387892,0.5,0.00146668999658245,0.0282322834804976,0.3358772557437,-0.232478592951784,0.274317970936608,0.147542222712663,0.491452547808243,-0.391428168432087,0.0585575778553214,0.142857142857143,0.505460959550244,-0.204757089836981,0.176474290774069,0.0714285714285714,0.649500372025156,0.0540462961808413,0.0217687074829932,FALSE,FALSE,0.261443393739361,0.483276239745094
"gf_geno","nb","sel","YorkRiver",2,0.117486344827372,0.584559450324727,0.493695651205943,0.0142154248024312,0.178638358747529,0.403618672886538,0.5,0.0128454209680058,0.121337534718211,0.423130558109633,0.357142857142857,0.023069485688115,0.0138030412208961,0.24373539601966,-0.177951871965389,0.405457536417384,0.224975457048838,0.290539651855757,-0.309990093120713,0.140438214768357,0.285714285714286,0.175928159198558,-0.174422706157428,0.249551183213353,0.285714285714286,0.0690907974580714,0.031666868735986,0.0506139562743336,FALSE,FALSE,0.350247274685408,0.545974913689849
"gf_geno","nb","sel","YorkRiver",3,-0.243327028906083,0.251901989692935,0.187439498562524,0.380458066381947,-0.210162774997093,0.32428694204789,0.30952380952381,0.141067424870559,-0.151671918397763,0.316704823946919,0.214285714285714,0.172766190477016,0.0592080429962616,0.0351335656213705,-0.67116988992434,0.000330312989398818,0.340799088295498,0.103175057212506,-0.662012741240845,0.000425542042325784,0.380952380952381,0.0662678785931186,-0.500517330712619,0.000952707078402692,0.285714285714286,0.0690907974580714,0.450469021141051,0.116144018583043,FALSE,TRUE,0.00846850736357948,0.527841373244865
"gf_geno","nb","sel","YorkRiver",4,-0.263164817593985,0.236689647683017,0.00589079158222004,0.97924335868521,-0.229244038106327,0.304781176227632,0.0934097421203438,0.679268149146617,-0.149474366777816,0.347453842604331,-0.0616113744075829,0.708772199410945,0.0692557212192754,3.47014254651543e-05,-0.504455335760812,0.0166588128979193,0.306668910194998,0.165088599684177,-0.645637675560003,0.00117324962576107,0.282521489971347,0.202686115923808,-0.484659310461402,0.00231610658139485,0.137440758293839,0.40472927177998,0.254475185777554,0.094045820480188,FALSE,TRUE,0.0142223028992752,0.545974913689849
"rda","nb","sel","Lewisetta",1,-0.269918447670696,0.202108236581113,-0.19854902537674,0.352335873560215,-0.141859873123038,0.508467813841803,-0.261904761904762,0.21635043005895,-0.128921130638099,0.394733526234106,-0.142857142857143,0.363396165100604,0.0728559683929582,0.0394217154780536,-0.181360151299902,0.396373785257376,-0.195224288156022,0.360620497240894,-0.126097664998256,0.557120652432312,-0.142857142857143,0.505460959550244,-0.106170342878434,0.483380001354093,-0.142857142857143,0.363396165100604,0.0328915044795232,0.0381125226860254,FALSE,FALSE,0.577170150870559,0.545974913689849
"rda","nb","sel","Lewisetta",2,-0.214308640186919,0.314611612576743,-0.00863256632072784,0.968066245371436,-0.0262703468746367,0.903019284199732,0,1,-0.0227507877596645,0.880616409651966,0,1,0.0459281932587661,7.45212012817662e-05,-0.373362653209143,0.0723228321334978,-0.139445920111444,0.515782010378316,-0.278465676871149,0.187633101907925,-0.214285714285714,0.314664624961072,-0.212340685756869,0.160988931812515,-0.142857142857143,0.363396165100604,0.139399670811371,0.0194451646357273,FALSE,FALSE,0.252531657745121,0.891763452812118
"rda","nb","sel","Lewisetta",3,-0.333767883234895,0.110951605920646,-0.138446435106977,0.518825199769846,-0.10770842218601,0.61640325682933,-0.119047619047619,0.579541544388292,-0.0606687673591053,0.68878759166932,-0.0714285714285714,0.649500372025156,0.111400999879102,0.0191674153938305,-0.264918167141735,0.210918247403116,-0.240735814558535,0.257144743146921,-0.231179052496803,0.277085495255525,-0.166666666666667,0.436346900139435,-0.144088322477875,0.341508070282769,-0.142857142857143,0.363396165100604,0.0701816352817361,0.0579537324111614,FALSE,FALSE,0.426885087853461,0.744635234237103
"rda","nb","sel","Lewisetta",4,-0.324203345461463,0.122209236712954,-0.121140630718605,0.572844305885438,-0.115589526248401,0.590680933005546,-0.0952380952380952,0.658003819481187,-0.0530851714392172,0.726009770673111,0,1,0.105107809208404,0.0146750524109015,-0.168528876638864,0.431164739430056,-0.366899692852671,0.0778031352877699,-0.344141544057741,0.0996229135062935,-0.404761904761905,0.049767380050613,-0.242675069436421,0.109154778516566,-0.285714285714286,0.0690907974580714,0.0284019822611574,0.134615384615385,FALSE,FALSE,0.185795367687771,0.764220811234854
"rda","nb","sel","YorkRiver",1,0.0809179098357538,0.7070132356128,0.276400379678318,0.191063652234992,0.23643312187173,0.266004717961956,0.333333333333333,0.111445944451059,0.151671918397763,0.316704823946919,0.214285714285714,0.172766190477016,0.00654770813218716,0.0763971698863184,-0.192369843136116,0.367823067760419,-0.0184427778390829,0.931836474735652,-0.0367784856244914,0.864525879105531,0,1,-0.0530851714392172,0.726009770673111,-0.0714285714285714,0.649500372025156,0.037006156548214,0.000340136054421772,FALSE,FALSE,0.774410422051318,0.527841373244865
"rda","nb","sel","YorkRiver",2,-0.0107101362744229,0.960386164516678,0.260312252454043,0.219258678342262,0.160249115935284,0.454458810485496,0.30952380952381,0.141067424870559,0.091003151038658,0.548005572361309,0.214285714285714,0.172766190477016,0.000114707019016707,0.0677624687776971,-0.175634078849806,0.41170038943149,-0.173058043883722,0.418700584335924,-0.149740977185429,0.484945810549895,-0.0714285714285714,0.740137923852107,-0.159255514317652,0.29311395567331,-0.142857142857143,0.363396165100604,0.0308473296534197,0.0299490865528602,FALSE,FALSE,0.378211555707497,0.635368779549344
"rda","nb","sel","YorkRiver",3,-0.363578339040139,0.0807389618190175,-0.477118723613698,0.0183976332836572,-0.307363058433249,0.144009480991668,-0.476190476190476,0.0186585829560597,-0.212340685756869,0.160988931812515,-0.357142857142857,0.023069485688115,0.132189208619186,0.227642276422764,-0.636141753935125,0.000833484620807421,-0.715678085420547,8.43125956773507e-05,-0.559558388429761,0.00446849817594389,-0.761904761904762,1.51942653894391e-05,-0.409514179673961,0.00686379498544903,-0.571428571428571,0.000277279369975525,0.404676331099657,0.51219512195122,FALSE,TRUE,0.0219641439534369,0.378797486617682
"rda","nb","sel","YorkRiver",4,-0.403517079907496,0.0625647560228377,-0.32664321211589,0.137885493814682,-0.356665041917288,0.10323671810714,-0.272206303724928,0.220372003403087,-0.258182997161682,0.104623423288806,-0.194312796208531,0.238804934377083,0.162826033777073,0.106695788021387,-0.291573793106817,0.187973272210099,-0.420082214586946,0.0515961189295275,-0.289541477409728,0.191211230245245,-0.420057306590258,0.0516114134668154,-0.19476962943776,0.220858540896306,-0.222748815165877,0.17689851604995,0.085015276826697,0.176469067012273,FALSE,FALSE,0.321248786758263,0.363849261721885
"env_dist","nb","sel","Lewisetta",1,-0.107896750844967,0.615783291100054,-0.181283892735285,0.396575770965661,-0.144486907810502,0.500565893021111,-0.238095238095238,0.262559273750359,-0.121337534718211,0.423130558109633,-0.214285714285714,0.172766190477016,0.0116417088429009,0.0328638497652582,-0.0723488924669341,0.736904560494597,-0.102260341415059,0.634446737656926,-0.031524416249564,0.883740672404498,-0.0714285714285714,0.740137923852107,-0.0682523632789935,0.652304137211763,-0.0714285714285714,0.649500372025156,0.00523436224119198,0.0104571774263245,FALSE,FALSE,0.714853848999192,0.545974913689849
"env_dist","nb","sel","Lewisetta",2,-0.0883956846614975,0.681265703287884,-0.0258976989621835,0.904388780090324,-0.070929936561519,0.74189156648298,-0.0238095238095238,0.912067694382264,-0.106170342878434,0.483380001354093,-0.0714285714285714,0.649500372025156,0.00781379706677487,0.000670690811535886,-0.246457520807279,0.245661223246938,-0.213817077504214,0.315749466956514,-0.278465676871149,0.187633101907925,-0.238095238095238,0.262559273750359,-0.204757089836981,0.176474290774069,-0.214285714285714,0.172766190477016,0.0607413095624702,0.0457177426324432,FALSE,FALSE,0.261443393739361,0.585915153156476
"env_dist","nb","sel","Lewisetta",3,-0.195971354796843,0.358749122564137,-0.121140630718605,0.572844305885438,-0.120843595623329,0.57379267840785,-0.142857142857143,0.505460959550244,-0.128921130638099,0.394733526234106,-0.142857142857143,0.363396165100604,0.03840477190091,0.0146750524109015,-0.377766106705907,0.0687606737449075,-0.472555487837125,0.0197095702833269,-0.417698515306723,0.0422569231792971,-0.428571428571429,0.0366603870475461,-0.333678220475079,0.0276120096503322,-0.357142857142857,0.023069485688115,0.142707231375739,0.223308689084983,FALSE,TRUE,0.0613600214451827,0.545974913689849
"env_dist","nb","sel","Lewisetta",4,-0.235181464065092,0.268618323288511,-0.190363848272094,0.372934208132855,-0.165503185310211,0.439601496767015,-0.238095238095238,0.262559273750359,-0.136504726557987,0.367520738242143,-0.214285714285714,0.172766190477016,0.0553103210398002,0.0362383947289608,-0.314013464005968,0.135092183398874,-0.628970902033151,0.000993705643137495,-0.559558388429761,0.00446849817594389,-0.619047619047619,0.00125864167339791,-0.447432159273402,0.00313994745503096,-0.5,0.00146668999658245,0.0986044555770277,0.395604395604396,FALSE,TRUE,0.0147762233177928,0.545974913689849
"env_dist","nb","sel","YorkRiver",1,0.205081795094531,0.336387273835567,0.133742119199186,0.533263506155444,0.228552017809339,0.282733898016142,0.261904761904762,0.21635043005895,0.219924281676757,0.146552800110555,0.285714285714286,0.0690907974580714,0.0420585426791951,0.0178869544478893,0.100859562188006,0.639119346761043,0.165985000551746,0.438252150029902,0.102454352811083,0.63380063135401,0.19047619047619,0.372646891549697,0.091003151038658,0.548005572361309,0.142857142857143,0.363396165100604,0.0101726512847563,0.0275510204081632,FALSE,FALSE,0.635368779549344,0.366382000276388
"env_dist","nb","sel","YorkRiver",2,0.175882278577972,0.411029353503804,0.170549406780235,0.425579756553818,0.131351734373183,0.540671596799539,0.238095238095238,0.262559273750359,0.159255514317652,0.29311395567331,0.285714285714286,0.0690907974580714,0.0309345759177794,0.0290871001530899,0.109571499097776,0.610281379722369,-0.0865290219418608,0.68766206339763,-0.0210162774997094,0.922351223730367,0.0476190476190476,0.825126628569084,0.0151671918397763,0.920244901471896,0.0714285714285714,0.649500372025156,0.012005913414534,0.00748727163821507,FALSE,FALSE,0.931893571110781,0.521091476752552
"env_dist","nb","sel","YorkRiver",3,-0.215631141978201,0.311562788177353,-0.306719179465949,0.144894575145892,-0.204908705622166,0.336804180817266,-0.333333333333333,0.111445944451059,-0.159255514317652,0.29311395567331,-0.285714285714286,0.0690907974580714,0.0464967893908229,0.0940766550522648,-0.501488034083182,0.0125384232328642,-0.630478313346672,0.00095799026942359,-0.467612174368533,0.0212153984366233,-0.642857142857143,0.000704131353223875,-0.386763391914297,0.0106740181183137,-0.642857142857143,4.3117324606625e-05,0.251490248328615,0.397502903600464,FALSE,TRUE,0.0284640483155033,0.521091476752552
"env_dist","nb","sel","YorkRiver",4,-0.192263649886097,0.391336847590534,-0.0836492404675255,0.711310091917501,-0.189424974415402,0.398500376264968,-0.0212034383954155,0.925381003292485,-0.131356261713838,0.408999321706926,-0.023696682464455,0.885772126271187,0.0369653110675236,0.00699719543079393,-0.414884817538063,0.0548640733452238,-0.525373850078661,0.0120420104448486,-0.470433795319932,0.0271393398246802,-0.530085959885387,0.011162118886645,-0.303478259821626,0.05644942712165,-0.393364928909953,0.0170935456486082,0.172129411823592,0.276017682346475,FALSE,FALSE,0.1128988542433,0.545974913689849
